{"activityLevel":180004,"activityList":[{"activeTime":8258010,"calorie":929.112,"distance":9626.886,"type":13001},{"activeTime":4331280,"calorie":282.0,"distance":5456.076,"type":1001},{"activeTime":2741568,"calorie":173.44463,"distance":3246.109,"type":-1}],"age":24,"gender":"M","height":177.0,"stepCount":25724,"weight":66.89898}