{"activityLevel":180004,"activityList":[{"activeTime":1820289,"calorie":331.837,"distance":5357.309,"type":1002},{"activeTime":756717,"calorie":51.0,"distance":922.628,"type":1001},{"activeTime":585063,"calorie":36.22746,"distance":708.56287,"type":-1}],"age":24,"gender":"M","height":177.0,"stepCount":6795,"weight":67.34713}