{"activityLevel":180004,"activityList":[{"activeTime":2828160,"calorie":205.299,"distance":8738.156,"type":11007},{"activeTime":1515025,"calorie":89.60912,"distance":1808.3578,"type":-1}],"age":24,"gender":"M","height":177.0,"stepCount":4651,"weight":66.36419}