{"activityLevel":180004,"activityList":[{"activeTime":1841740,"calorie":326.734,"distance":5285.926,"type":1002},{"activeTime":600000,"calorie":43.0,"distance":808.477,"type":1001},{"activeTime":634399,"calorie":41.39632,"distance":785.2813,"type":-1}],"age":24,"gender":"M","height":177.0,"stepCount":6859,"weight":67.44011}