{"activityLevel":180004,"activityList":[{"activeTime":4025280,"calorie":819.196,"distance":10903.583,"type":1002},{"activeTime":2103800,"calorie":140.09555,"distance":2574.0398,"type":-1}],"age":24,"gender":"M","height":177.0,"stepCount":14323,"weight":67.44011}