{"activityLevel":180004,"activityList":[{"activeTime":1990220,"calorie":350.968,"distance":5369.811,"type":1002},{"activeTime":2997321,"calorie":202.22382,"distance":3779.9185,"type":-1}],"age":24,"gender":"M","height":177.0,"stepCount":10038,"weight":67.934074}