{"activityLevel":180004,"activityList":[{"activeTime":1660659,"calorie":346.201,"distance":5095.893,"type":1002},{"activeTime":902788,"calorie":59.562553,"distance":1192.569,"type":-1}],"age":24,"gender":"M","height":177.0,"stepCount":5797,"weight":67.34713}