{"activityLevel":180004,"activityList":[{"activeTime":2343280,"calorie":422.509,"distance":6100.885,"type":1002},{"activeTime":697819,"calorie":47.665695,"distance":856.09644,"type":-1}],"age":24,"gender":"M","height":177.0,"stepCount":7132,"weight":68.300125}