{"activityLevel":180004,"activityList":[{"activeTime":1977919,"calorie":354.973,"distance":5269.092,"type":1002},{"activeTime":644547,"calorie":46.0,"distance":824.742,"type":1001},{"activeTime":736975,"calorie":46.580082,"distance":920.1195,"type":-1}],"age":24,"gender":"M","height":177.0,"stepCount":7349,"weight":66.62818}