{"activityLevel":180004,"activityList":[{"activeTime":4556850,"calorie":272.0,"distance":5068.392,"type":1001},{"activeTime":1888874,"calorie":120.13894,"distance":2285.7324,"type":-1}],"age":24,"gender":"M","height":177.0,"stepCount":9717,"weight":67.44011}