{"activityLevel":180004,"activityList":[{"activeTime":7587720,"calorie":429.0,"distance":7768.861,"type":1001},{"activeTime":4306330,"calorie":262.66922,"distance":5058.8984,"type":-1}],"age":24,"gender":"M","height":177.0,"stepCount":17608,"weight":67.44011}