{"activityLevel":180004,"activityList":[{"activeTime":1811290,"calorie":390.438,"distance":5309.581,"type":1002},{"activeTime":605240,"calorie":42.0,"distance":831.94,"type":1001},{"activeTime":1360902,"calorie":86.67526,"distance":1607.6028,"type":-1}],"age":24,"gender":"M","height":177.0,"stepCount":7896,"weight":67.44011}