{"activityLevel":180004,"activityList":[{"activeTime":15973900,"calorie":1926.372,"distance":80708.13,"type":11007},{"activeTime":1547013,"calorie":90.481636,"distance":1797.8368,"type":-1}],"age":24,"gender":"M","height":177.0,"stepCount":16962,"weight":66.89898}