{"activityLevel":180004,"activityList":[{"activeTime":1889770,"calorie":345.357,"distance":5346.61,"type":1002},{"activeTime":942840,"calorie":59.0,"distance":907.2603,"type":1001},{"activeTime":542360,"calorie":35.3542,"distance":694.97687,"type":-1}],"age":24,"gender":"M","height":177.0,"stepCount":7074,"weight":67.52085}