{"activityLevel":180004,"activityList":[{"activeTime":1841999,"calorie":333.761,"distance":5264.957,"type":1002},{"activeTime":700162,"calorie":48.0,"distance":859.03687,"type":1001},{"activeTime":536294,"calorie":31.306917,"distance":637.4413,"type":-1}],"age":24,"gender":"M","height":177.0,"stepCount":6721,"weight":66.89898}