{"activityLevel":180004,"activityList":[{"activeTime":1721109,"calorie":313.107,"distance":5282.623,"type":1002},{"activeTime":660943,"calorie":55.0,"distance":869.1702,"type":1001},{"activeTime":647783,"calorie":38.796753,"distance":789.70953,"type":-1}],"age":24,"gender":"M","height":177.0,"stepCount":6586,"weight":66.89898}