{"activityLevel":180004,"activityList":[{"activeTime":2829990,"calorie":548.97,"distance":7009.712,"type":1002},{"activeTime":644308,"calorie":46.0,"distance":831.847,"type":1001},{"activeTime":693247,"calorie":45.916183,"distance":800.80316,"type":-1}],"age":24,"gender":"M","height":177.0,"stepCount":9499,"weight":67.79709}