{"activityLevel":180004,"activityList":[{"activeTime":1402799,"calorie":136.895,"distance":4652.937,"type":11007},{"activeTime":844390,"calorie":50.739132,"distance":973.1489,"type":-1}],"age":24,"gender":"M","height":177.0,"stepCount":2807,"weight":66.89898}