{"activityLevel":180004,"activityList":[{"activeTime":1681139,"calorie":298.762,"distance":5014.982,"type":1002},{"activeTime":1299270,"calorie":84.116516,"distance":1662.8407,"type":-1}],"age":24,"gender":"M","height":177.0,"stepCount":6490,"weight":67.34713}