{"activityLevel":180004,"activityList":[{"activeTime":3307000,"calorie":364.02283,"distance":12116.297,"type":11007},{"activeTime":1730256,"calorie":105.61601,"distance":1980.7909,"type":-1}],"age":24,"gender":"M","height":177.0,"stepCount":6786,"weight":66.89898}