{"activityLevel":180004,"activityList":[{"activeTime":11303709,"calorie":1214.954,"distance":36231.52,"type":11007},{"activeTime":3189414,"calorie":187.58894,"distance":3789.95,"type":-1}],"age":24,"gender":"M","height":177.0,"stepCount":10735,"weight":66.89898}