{"activityLevel":180004,"activityList":[{"activeTime":1239300,"calorie":67.0,"distance":1379.788,"type":1001},{"activeTime":2411196,"calorie":145.26634,"distance":2762.4058,"type":-1}],"age":24,"gender":"M","height":177.0,"stepCount":5515,"weight":67.44011}