{"activityLevel":180004,"activityList":[{"activeTime":1852060,"calorie":342.471,"distance":5308.816,"type":1002},{"activeTime":660645,"calorie":62.0,"distance":847.459,"type":1001},{"activeTime":618340,"calorie":37.583443,"distance":742.40784,"type":-1}],"age":24,"gender":"M","height":177.0,"stepCount":6801,"weight":66.89898}