{"activityLevel":180004,"activityList":[{"activeTime":1012637,"calorie":60.219994,"distance":1161.1389,"type":-1}],"age":24,"gender":"M","height":177.0,"stepCount":1523,"weight":67.44011}