{"activityLevel":180004,"activityList":[{"activeTime":1722220,"calorie":300.713,"distance":5312.994,"type":1002},{"activeTime":1262900,"calorie":82.47145,"distance":1671.4528,"type":-1}],"age":24,"gender":"M","height":177.0,"stepCount":6522,"weight":66.36419}