{"activityLevel":180004,"activityList":[{"activeTime":7470,"calorie":0.14790507,"distance":0.0,"type":11007},{"activeTime":741434,"calorie":43.680992,"distance":880.2949,"type":-1}],"age":24,"gender":"M","height":177.0,"stepCount":1118,"weight":67.44011}