{"activityLevel":180004,"activityList":[{"activeTime":1926170,"calorie":360.74,"distance":5300.4,"type":1002},{"activeTime":1103977,"calorie":70.72587,"distance":1293.6343,"type":-1}],"age":24,"gender":"M","height":177.0,"stepCount":6584,"weight":67.44011}