{"activityLevel":180004,"activityList":[{"activeTime":3603220,"calorie":240.0,"distance":4233.5225,"type":1001},{"activeTime":3305730,"calorie":192.64134,"distance":3843.389,"type":-1}],"age":24,"gender":"M","height":177.0,"stepCount":10611,"weight":67.44011}