{"activityLevel":180004,"activityList":[{"activeTime":1778770,"calorie":323.927,"distance":5321.38,"type":1002},{"activeTime":677400,"calorie":48.0,"distance":882.17377,"type":1001},{"activeTime":589235,"calorie":38.22078,"distance":719.92365,"type":-1}],"age":24,"gender":"M","height":177.0,"stepCount":6683,"weight":67.44011}