{"activityLevel":180004,"activityList":[{"activeTime":5449579,"calorie":242.523,"distance":8917.676,"type":11007},{"activeTime":1933781,"calorie":115.09715,"distance":2220.8755,"type":-1}],"age":24,"gender":"M","height":177.0,"stepCount":5732,"weight":66.36419}