{"activityLevel":180004,"activityList":[{"activeTime":1982330,"calorie":119.0,"distance":2320.34,"type":1001},{"activeTime":2100028,"calorie":127.238106,"distance":2465.2366,"type":-1}],"age":24,"gender":"M","height":177.0,"stepCount":6354,"weight":67.44011}