{"activityLevel":180004,"activityList":[{"activeTime":3545288,"calorie":423.315,"distance":14480.37,"type":11007},{"activeTime":1230385,"calorie":73.13699,"distance":1413.021,"type":-1}],"age":24,"gender":"M","height":177.0,"stepCount":6016,"weight":67.34713}