{"activityLevel":180004,"activityList":[{"activeTime":2106780,"calorie":368.346,"distance":5657.891,"type":1002},{"activeTime":1157433,"calorie":75.996635,"distance":1494.976,"type":-1}],"age":24,"gender":"M","height":177.0,"stepCount":7516,"weight":67.39113}