{"activityLevel":180004,"activityList":[{"activeTime":750230,"calorie":76.323,"distance":3327.055,"type":11007},{"activeTime":10740755,"calorie":581.0,"distance":10301.174,"type":1001},{"activeTime":4091751,"calorie":251.91908,"distance":4824.99,"type":-1}],"age":24,"gender":"M","height":177.0,"stepCount":21482,"weight":67.934074}