{"activityLevel":180004,"activityList":[{"activeTime":1739929,"calorie":331.869,"distance":5259.326,"type":1002},{"activeTime":646530,"calorie":65.0,"distance":846.6602,"type":1001},{"activeTime":1590190,"calorie":174.418,"distance":4003.767,"type":11007},{"activeTime":980093,"calorie":66.440674,"distance":1197.7758,"type":-1}],"age":24,"gender":"M","height":177.0,"stepCount":8837,"weight":67.427864}