{"activityLevel":180004,"activityList":[{"activeTime":3107823,"calorie":197.27873,"distance":3900.6523,"type":-1}],"age":24,"gender":"M","height":177.0,"stepCount":4894,"weight":67.44011}