{"activityLevel":180004,"activityList":[{"activeTime":3754839,"calorie":352.30798,"distance":11339.074,"type":11007},{"activeTime":973848,"calorie":61.567055,"distance":1162.5573,"type":-1}],"age":24,"gender":"M","height":177.0,"stepCount":6408,"weight":67.79709}