{"activityLevel":180004,"activityList":[{"activeTime":3570720,"calorie":498.083,"distance":6242.618,"type":1002},{"activeTime":788414,"calorie":46.53899,"distance":940.37805,"type":-1}],"age":24,"gender":"M","height":177.0,"stepCount":7337,"weight":67.52085}