{"activityLevel":180004,"activityList":[{"activeTime":2513080,"calorie":151.0,"distance":2593.085,"type":1001},{"activeTime":4951086,"calorie":311.20654,"distance":5920.612,"type":-1}],"age":24,"gender":"M","height":177.0,"stepCount":11428,"weight":67.52085}