{"activityLevel":180004,"activityList":[{"activeTime":10620520,"calorie":1323.4551,"distance":37326.51,"type":11007},{"activeTime":1359263,"calorie":79.53903,"distance":1580.6498,"type":-1}],"age":24,"gender":"M","height":177.0,"stepCount":11464,"weight":68.04612}