{"activityLevel":180004,"activityList":[{"activeTime":1837820,"calorie":353.855,"distance":5249.125,"type":1002},{"activeTime":687129,"calorie":48.0,"distance":878.52,"type":1001},{"activeTime":596519,"calorie":35.897945,"distance":717.75104,"type":-1}],"age":24,"gender":"M","height":177.0,"stepCount":6863,"weight":66.89898}