{"activityLevel":180004,"activityList":[{"activeTime":2550539,"calorie":456.115,"distance":6501.475,"type":1002},{"activeTime":775790,"calorie":45.82181,"distance":930.2792,"type":-1}],"age":24,"gender":"M","height":177.0,"stepCount":8018,"weight":67.18293}