{"activityLevel":180004,"activityList":[{"activeTime":2031829,"calorie":404.017,"distance":5352.056,"type":1002},{"activeTime":683665,"calorie":48.0,"distance":887.161,"type":1001},{"activeTime":505754,"calorie":33.634842,"distance":618.13434,"type":-1}],"age":24,"gender":"M","height":177.0,"stepCount":7246,"weight":68.0}