{"activityLevel":180004,"activityList":[{"activeTime":1643170,"calorie":315.287,"distance":5247.466,"type":1002},{"activeTime":664907,"calorie":47.0,"distance":835.24786,"type":1001},{"activeTime":1580,"calorie":0.173,"distance":0.0,"type":11007},{"activeTime":798170,"calorie":54.418705,"distance":992.7336,"type":-1}],"age":24,"gender":"M","height":177.0,"stepCount":6679,"weight":66.877205}