{"activityLevel":180004,"activityList":[{"activeTime":1448931,"calorie":88.0,"distance":1707.0049,"type":1001},{"activeTime":2722194,"calorie":157.61652,"distance":3337.2031,"type":-1}],"age":23,"gender":"M","height":177.0,"stepCount":6677,"weight":68.62581}