{"activityLevel":180004,"activityList":[{"activeTime":5107382,"calorie":290.58215,"distance":5975.8105,"type":-1}],"age":23,"gender":"M","height":177.0,"stepCount":7973,"weight":68.62581}