{"activityLevel":180004,"activityList":[{"activeTime":1935260,"calorie":390.215,"distance":5254.424,"type":1002},{"activeTime":634758,"calorie":51.0,"distance":829.858,"type":1001},{"activeTime":972491,"calorie":58.891716,"distance":1158.1672,"type":-1}],"age":24,"gender":"M","height":177.0,"stepCount":7557,"weight":67.171135}