{"activityLevel":180004,"activityList":[{"activeTime":5403700,"calorie":436.295,"distance":3718.781,"type":11007},{"activeTime":599961,"calorie":34.71355,"distance":709.8002,"type":-1}],"age":24,"gender":"M","height":177.0,"stepCount":3592,"weight":67.36618}