{"activityLevel":180004,"activityList":[{"activeTime":2105260,"calorie":353.967,"distance":5936.041,"type":1002},{"activeTime":2773870,"calorie":172.11148,"distance":3325.2595,"type":-1}],"age":24,"gender":"M","height":177.0,"stepCount":9829,"weight":67.44011}