{"activityLevel":180004,"activityList":[{"activeTime":1849390,"calorie":320.216,"distance":5406.229,"type":1002},{"activeTime":632176,"calorie":46.0,"distance":860.936,"type":1001},{"activeTime":2793244,"calorie":179.26884,"distance":3322.4067,"type":-1}],"age":24,"gender":"M","height":177.0,"stepCount":10269,"weight":66.89898}