{"activityLevel":180004,"activityList":[{"activeTime":2167626,"calorie":392.75958,"distance":5785.806,"type":1002},{"activeTime":600000,"calorie":45.0,"distance":877.021,"type":1001},{"activeTime":582065,"calorie":34.03966,"distance":675.6731,"type":-1}],"age":24,"gender":"M","height":177.0,"stepCount":7303,"weight":67.06}