{"activityLevel":180004,"activityList":[{"activeTime":855870,"calorie":96.037,"distance":3301.818,"type":11007},{"activeTime":5547669,"calorie":319.0,"distance":6252.08,"type":1001},{"activeTime":3083522,"calorie":188.13585,"distance":3729.1104,"type":-1}],"age":24,"gender":"M","height":177.0,"stepCount":14018,"weight":67.934074}