{"activityLevel":180004,"activityList":[{"activeTime":1845400,"calorie":223.453,"distance":8732.5,"type":11007},{"activeTime":1007399,"calorie":61.678795,"distance":1165.1998,"type":-1}],"age":24,"gender":"M","height":177.0,"stepCount":3467,"weight":67.34713}