{"activityLevel":180004,"activityList":[{"activeTime":7228620,"calorie":442.0,"distance":7712.7485,"type":1001},{"activeTime":1603347,"calorie":95.27111,"distance":1874.5936,"type":-1}],"age":24,"gender":"M","height":177.0,"stepCount":12919,"weight":67.44011}