{"activityLevel":180004,"activityList":[{"activeTime":3918570,"calorie":715.245,"distance":10163.706,"type":1002},{"activeTime":600000,"calorie":46.0,"distance":839.001,"type":1001},{"activeTime":1218831,"calorie":77.74094,"distance":1460.384,"type":-1}],"age":24,"gender":"M","height":177.0,"stepCount":13212,"weight":68.62581}