{"activityLevel":180004,"activityList":[{"activeTime":3206610,"calorie":336.789,"distance":12978.416,"type":11007},{"activeTime":1620965,"calorie":98.82779,"distance":1916.0497,"type":-1}],"age":24,"gender":"M","height":177.0,"stepCount":6974,"weight":67.34713}