{"activityLevel":180004,"activityList":[{"activeTime":4884630,"calorie":492.986,"distance":13216.567,"type":11007},{"activeTime":1100608,"calorie":68.874535,"distance":1273.0863,"type":-1}],"age":24,"gender":"M","height":177.0,"stepCount":6427,"weight":67.44011}