{"activityLevel":180004,"activityList":[{"activeTime":1735100,"calorie":302.273,"distance":5308.242,"type":1002},{"activeTime":749700,"calorie":58.0,"distance":862.293,"type":1001},{"activeTime":1637277,"calorie":112.35003,"distance":2076.875,"type":-1}],"age":24,"gender":"M","height":177.0,"stepCount":8401,"weight":67.44011}