{"activityLevel":180004,"activityList":[{"activeTime":2054370,"calorie":407.26,"distance":5458.656,"type":1002},{"activeTime":680280,"calorie":49.0,"distance":861.7219,"type":1001},{"activeTime":643033,"calorie":41.068996,"distance":800.233,"type":-1}],"age":24,"gender":"M","height":177.0,"stepCount":7881,"weight":67.44011}