{"activityLevel":180004,"activityList":[{"activeTime":11915800,"calorie":1796.006,"distance":116.80884,"type":11007},{"activeTime":1833400,"calorie":110.72912,"distance":2106.7656,"type":-1}],"age":24,"gender":"M","height":177.0,"stepCount":11478,"weight":68.0}