{"activityLevel":180004,"activityList":[{"activeTime":1854000,"calorie":316.847,"distance":5391.878,"type":1002},{"activeTime":707640,"calorie":47.0,"distance":854.44415,"type":1001},{"activeTime":618953,"calorie":40.109653,"distance":788.96643,"type":-1}],"age":24,"gender":"M","height":177.0,"stepCount":6943,"weight":67.52085}