{"activityLevel":180004,"activityList":[{"activeTime":4599954,"calorie":356.075,"distance":3637.671,"type":1001},{"activeTime":3061120,"calorie":280.968,"distance":773.127,"type":13001},{"activeTime":3087598,"calorie":206.09814,"distance":3911.5925,"type":-1}],"age":24,"gender":"M","height":177.0,"stepCount":12618,"weight":67.34713}