{"activityLevel":180004,"activityList":[{"activeTime":1447000,"calorie":307.0,"distance":5013.8,"type":1002},{"activeTime":723820,"calorie":48.0,"distance":939.162,"type":1001},{"activeTime":1522925,"calorie":94.89165,"distance":1739.3666,"type":-1}],"age":24,"gender":"M","height":177.0,"stepCount":7606,"weight":66.89898}