{"activityLevel":180004,"activityList":[{"activeTime":6196600,"calorie":412.0,"distance":7036.849,"type":1001},{"activeTime":1667468,"calorie":104.57771,"distance":1950.0176,"type":-1}],"age":24,"gender":"M","height":177.0,"stepCount":12005,"weight":67.44011}