{"activityLevel":180004,"activityList":[{"activeTime":1795100,"calorie":342.359,"distance":5004.831,"type":1002},{"activeTime":736278,"calorie":52.0,"distance":881.927,"type":1001},{"activeTime":446898,"calorie":29.428425,"distance":548.45654,"type":-1}],"age":24,"gender":"M","height":177.0,"stepCount":6427,"weight":68.0}