{"activityLevel":180004,"activityList":[{"activeTime":1975890,"calorie":210.003,"distance":4679.68,"type":11007},{"activeTime":1865700,"calorie":340.828,"distance":5344.829,"type":1002},{"activeTime":652400,"calorie":47.0,"distance":866.1727,"type":1001},{"activeTime":936259,"calorie":62.306683,"distance":1124.133,"type":-1}],"age":24,"gender":"M","height":177.0,"stepCount":10040,"weight":67.52085}