{"activityLevel":180004,"activityList":[{"activeTime":1736889,"calorie":264.31744,"distance":168.31104,"type":1002},{"activeTime":615719,"calorie":49.0,"distance":847.42,"type":1001},{"activeTime":1122583,"calorie":69.69511,"distance":1326.9497,"type":-1}],"age":24,"gender":"M","height":177.0,"stepCount":7363,"weight":68.0}