{"activityLevel":180004,"activityList":[{"activeTime":3991410,"calorie":566.875,"distance":11010.47,"type":11007},{"activeTime":3520,"calorie":0.069739625,"distance":0.0,"type":14001},{"activeTime":1420246,"calorie":89.71931,"distance":1615.3699,"type":-1}],"age":24,"gender":"M","height":177.0,"stepCount":6434,"weight":67.52085}