{"activityLevel":180004,"activityList":[{"activeTime":1765120,"calorie":323.979,"distance":5173.717,"type":1002},{"activeTime":1255005,"calorie":82.64653,"distance":1646.7966,"type":-1}],"age":24,"gender":"M","height":177.0,"stepCount":6640,"weight":66.89898}