{"activityLevel":180004,"activityList":[{"activeTime":1999150,"calorie":355.136,"distance":5310.207,"type":1002},{"activeTime":936793,"calorie":58.544025,"distance":1060.2573,"type":-1}],"age":24,"gender":"M","height":177.0,"stepCount":6437,"weight":67.44011}