{"activityLevel":180004,"activityList":[{"activeTime":3586000,"calorie":963.8,"distance":10716.0,"type":1002},{"activeTime":629113,"calorie":51.0,"distance":912.0181,"type":1001},{"activeTime":491079,"calorie":33.821243,"distance":619.57684,"type":-1}],"age":24,"gender":"M","height":177.0,"stepCount":12639,"weight":66.36419}