{"activityLevel":180004,"activityList":[{"activeTime":1260,"calorie":0.02494784,"distance":0.0,"type":1002},{"activeTime":3873820,"calorie":220.0,"distance":3720.666,"type":1001},{"activeTime":2951682,"calorie":183.10918,"distance":3524.3552,"type":-1}],"age":24,"gender":"M","height":177.0,"stepCount":9967,"weight":67.44011}